-- phpMyAdmin SQL Dump
-- version 5.2.1
-- https://www.phpmyadmin.net/
--
-- Host: 127.0.0.1
-- Generation Time: Apr 07, 2026 at 12:50 PM
-- Server version: 10.4.32-MariaDB
-- PHP Version: 8.2.12

SET SQL_MODE = "NO_AUTO_VALUE_ON_ZERO";
START TRANSACTION;
SET time_zone = "+00:00";


/*!40101 SET @OLD_CHARACTER_SET_CLIENT=@@CHARACTER_SET_CLIENT */;
/*!40101 SET @OLD_CHARACTER_SET_RESULTS=@@CHARACTER_SET_RESULTS */;
/*!40101 SET @OLD_COLLATION_CONNECTION=@@COLLATION_CONNECTION */;
/*!40101 SET NAMES utf8mb4 */;

--
-- Database: `exam_system`
--

-- --------------------------------------------------------

--
-- Table structure for table `attempt_details`
--

CREATE TABLE `attempt_details` (
  `id` int(11) NOT NULL,
  `attempt_id` int(11) NOT NULL,
  `question_id` int(11) NOT NULL,
  `selected_option_id` int(11) DEFAULT NULL,
  `is_correct` tinyint(1) DEFAULT NULL,
  `time_taken` int(11) DEFAULT NULL
) ENGINE=InnoDB DEFAULT CHARSET=utf8mb4 COLLATE=utf8mb4_general_ci;

--
-- Dumping data for table `attempt_details`
--

INSERT INTO `attempt_details` (`id`, `attempt_id`, `question_id`, `selected_option_id`, `is_correct`, `time_taken`) VALUES
(1, 1, 1, 1, 1, NULL),
(2, 2, 1, 1, 1, 2),
(3, 3, 1, 1, 1, 6),
(4, 4, 1, 1, 1, 1),
(5, 5, 1, 1, 1, 1),
(6, 9, 1, 3, 0, 7),
(7, 10, 1, 3, 0, 1),
(8, 11, 1, 3, 0, 1),
(9, 12, 1, 3, 0, 1),
(10, 13, 1, 3, 0, 1),
(11, 14, 9, 29, 0, 4),
(12, 14, 10, 35, 1, 6),
(13, 14, 13, 47, 1, 5),
(14, 14, 12, 42, 1, 2),
(15, 15, 28, 105, 1, 4),
(16, 16, 9, 30, 1, 2),
(17, 16, 10, 36, 0, 0),
(18, 16, 13, 47, 1, 1),
(19, 16, 28, 105, 1, 2),
(20, 16, 12, 42, 1, 0),
(21, 17, 10, 35, 1, 2),
(22, 17, 13, 46, 0, 2),
(23, 18, 10, 35, 1, 2),
(24, 18, 13, 46, 0, 2),
(25, 19, 18, 68, 1, 12),
(26, 20, 4, 10, 1, 2),
(27, 20, 7, 23, 1, 3),
(28, 20, 6, 19, 1, 4),
(29, 20, 5, 15, 1, 2),
(30, 20, 8, 26, 1, 0),
(31, 21, 4, 10, 1, 2),
(32, 21, 7, 23, 1, 3),
(33, 21, 6, 19, 1, 4),
(34, 21, 5, 15, 1, 2),
(35, 21, 8, 26, 1, 0),
(36, 22, 5, 15, 1, 40),
(37, 22, 4, 11, 0, 1),
(38, 22, 6, 18, 0, 1),
(39, 22, 8, 26, 1, 1),
(40, 22, 7, 22, 0, 2),
(41, 23, 12, 42, 1, 44),
(42, 23, 9, 30, 1, 3),
(43, 23, 11, 39, 1, 5),
(44, 23, 10, 35, 1, 4),
(45, 23, 13, 46, 0, 4),
(46, 24, 11, 39, 1, 4),
(47, 24, 13, 46, 0, 2),
(48, 24, 9, 30, 1, 1),
(49, 24, 12, 42, 1, 1),
(50, 24, 10, 34, 0, 2),
(51, 25, 27, 102, 1, 6),
(52, 25, 3, 5, 0, 3),
(53, 25, 25, 93, 1, 5),
(54, 25, 24, 89, 1, 6),
(55, 25, 26, 100, 0, 7),
(56, 26, 27, 102, 1, 6),
(57, 26, 3, 5, 0, 3),
(58, 26, 25, 93, 1, 5),
(59, 26, 24, 89, 1, 6),
(60, 26, 26, 100, 0, 7),
(61, 27, 27, 102, 1, 6),
(62, 27, 3, 5, 0, 3),
(63, 27, 25, 93, 1, 5),
(64, 27, 24, 89, 1, 6),
(65, 27, 26, 100, 0, 7),
(66, 28, 13, 47, 1, 2),
(67, 28, 9, 30, 1, 2),
(68, 28, 11, 39, 1, 2),
(69, 28, 12, 42, 1, 15),
(70, 28, 10, 35, 1, 2),
(71, 29, 21, 79, 1, 5),
(72, 29, 22, 82, 1, 4),
(73, 29, 20, 74, 1, 9),
(74, 29, 23, 87, 1, 7),
(75, 29, 19, 69, 1, 3),
(76, 30, 12, 42, 1, 3),
(77, 30, 11, 39, 1, 4),
(78, 30, 13, 47, 1, 4),
(79, 30, 9, 29, 0, 3),
(80, 30, 10, 36, 0, 17),
(81, 31, 18, 65, 0, 2),
(82, 31, 1, 2, 0, 2),
(83, 31, 14, 50, 1, 4),
(84, 31, 17, 61, 1, 4),
(85, 31, 15, 54, 1, 13),
(86, 32, 13, 46, 0, 1),
(87, 32, 12, 42, 1, 1),
(88, 32, 10, 35, 1, 1),
(89, 32, 9, 30, 1, 1),
(90, 32, 11, 38, 0, 1),
(91, 33, 24, 89, 1, 2),
(92, 33, 26, 100, 0, 3),
(93, 33, 25, 94, 0, 2),
(94, 33, 3, 6, 1, 1),
(95, 33, 27, 102, 1, 4),
(96, 34, 9, 30, 1, 2),
(97, 34, 13, 45, 0, 1),
(98, 34, 10, 33, 0, 1),
(99, 34, 11, 37, 0, 1),
(100, 34, 12, 42, 1, 2),
(101, 35, 7, 21, 0, 3),
(102, 35, 4, 10, 1, 2),
(103, 35, 5, 15, 1, 3),
(104, 35, 6, 19, 1, 4),
(105, 35, 8, 26, 1, 4),
(106, 36, 11, 38, 0, 1),
(107, 36, 9, 29, 0, 1),
(108, 36, 10, 36, 0, 1),
(109, 36, 13, 47, 1, 0),
(110, 36, 12, 41, 0, 2),
(111, 37, 11, 38, 0, 1),
(112, 37, 9, 29, 0, 1),
(113, 37, 10, 36, 0, 1),
(114, 37, 13, 47, 1, 0),
(115, 37, 12, 41, 0, 2),
(116, 38, 11, 38, 0, 1),
(117, 38, 9, 29, 0, 1),
(118, 38, 10, 36, 0, 1),
(119, 38, 13, 47, 1, 0),
(120, 38, 12, 41, 0, 2),
(121, 39, 11, 38, 0, 1),
(122, 39, 9, 29, 0, 1),
(123, 39, 10, 36, 0, 1),
(124, 39, 13, 47, 1, 0),
(125, 39, 12, 41, 0, 2),
(126, 40, 17, 61, 1, 2),
(127, 40, 1, 1, 1, 0),
(128, 40, 18, 67, 0, 4),
(129, 40, 16, 57, 0, 2),
(130, 40, 14, 49, 0, 3),
(131, 41, 1, 1, 1, 0),
(132, 41, 16, 58, 0, 0),
(133, 41, 18, 68, 1, 1),
(134, 41, 17, 62, 0, 0),
(135, 41, 14, 49, 0, 2),
(136, 42, 18, 68, 1, 2),
(137, 42, 15, 54, 1, 3),
(138, 42, 16, 59, 1, 4),
(139, 42, 17, 61, 1, 3),
(140, 42, 1, 1, 1, 4),
(141, 43, 5, 15, 1, 4),
(142, 43, 4, 10, 1, 4),
(143, 43, 8, 26, 1, 1),
(144, 43, 6, 18, 0, 2),
(145, 43, 7, 22, 0, 2),
(146, 44, 5, 15, 1, 4),
(147, 44, 4, 10, 1, 4),
(148, 44, 8, 26, 1, 1),
(149, 44, 6, 18, 0, 2),
(150, 44, 7, 22, 0, 2),
(151, 45, 5, 15, 1, 4),
(152, 45, 4, 10, 1, 4),
(153, 45, 8, 26, 1, 1),
(154, 45, 6, 18, 0, 2),
(155, 45, 7, 22, 0, 2),
(156, 46, 5, 15, 1, 4),
(157, 46, 4, 10, 1, 4),
(158, 46, 8, 26, 1, 1),
(159, 46, 6, 18, 0, 2),
(160, 46, 7, 22, 0, 2),
(161, 47, 5, 15, 1, 4),
(162, 47, 4, 10, 1, 4),
(163, 47, 8, 26, 1, 1),
(164, 47, 6, 18, 0, 2),
(165, 47, 7, 22, 0, 2),
(166, 48, 5, 15, 1, 4),
(167, 48, 4, 10, 1, 4),
(168, 48, 8, 26, 1, 1),
(169, 48, 6, 18, 0, 2),
(170, 48, 7, 22, 0, 2),
(171, 49, 5, 15, 1, 4),
(172, 49, 4, 10, 1, 4),
(173, 49, 8, 26, 1, 1),
(174, 49, 6, 18, 0, 2),
(175, 49, 7, 22, 0, 2),
(176, 50, 5, 15, 1, 4),
(177, 50, 4, 10, 1, 4),
(178, 50, 8, 26, 1, 1),
(179, 50, 6, 18, 0, 2),
(180, 50, 7, 22, 0, 2),
(181, 51, 5, 15, 1, 4),
(182, 51, 4, 10, 1, 4),
(183, 51, 8, 26, 1, 1),
(184, 51, 6, 18, 0, 2),
(185, 51, 7, 22, 0, 2),
(186, 52, 5, 15, 1, 4),
(187, 52, 4, 10, 1, 4),
(188, 52, 8, 26, 1, 1),
(189, 52, 6, 18, 0, 2),
(190, 52, 7, 22, 0, 2),
(191, 53, 5, 15, 1, 4),
(192, 53, 4, 10, 1, 4),
(193, 53, 8, 26, 1, 1),
(194, 53, 6, 18, 0, 2),
(195, 53, 7, 22, 0, 2),
(196, 54, 5, 15, 1, 4),
(197, 54, 4, 10, 1, 4),
(198, 54, 8, 26, 1, 1),
(199, 54, 6, 18, 0, 2),
(200, 54, 7, 22, 0, 2),
(201, 55, 5, 15, 1, 4),
(202, 55, 4, 10, 1, 4),
(203, 55, 8, 26, 1, 1),
(204, 55, 6, 18, 0, 2),
(205, 55, 7, 22, 0, 2),
(206, 56, 5, 15, 1, 4),
(207, 56, 4, 10, 1, 4),
(208, 56, 8, 26, 1, 1),
(209, 56, 6, 18, 0, 2),
(210, 56, 7, 22, 0, 2),
(211, 57, 5, 15, 1, 4),
(212, 57, 4, 10, 1, 4),
(213, 57, 8, 26, 1, 1),
(214, 57, 6, 18, 0, 2),
(215, 57, 7, 22, 0, 2),
(216, 58, 5, 15, 1, 4),
(217, 58, 4, 10, 1, 4),
(218, 58, 8, 26, 1, 1),
(219, 58, 6, 18, 0, 2),
(220, 58, 7, 22, 0, 2),
(221, 59, 5, 15, 1, 4),
(222, 59, 4, 10, 1, 4),
(223, 59, 8, 26, 1, 1),
(224, 59, 6, 18, 0, 2),
(225, 59, 7, 22, 0, 2),
(226, 60, 5, 15, 1, 4),
(227, 60, 4, 10, 1, 4),
(228, 60, 8, 26, 1, 1),
(229, 60, 6, 18, 0, 2),
(230, 60, 7, 22, 0, 2),
(231, 61, 5, 15, 1, 4),
(232, 61, 4, 10, 1, 4),
(233, 61, 8, 26, 1, 1),
(234, 61, 6, 18, 0, 2),
(235, 61, 7, 22, 0, 2),
(236, 62, 5, 15, 1, 4),
(237, 62, 4, 10, 1, 4),
(238, 62, 8, 26, 1, 1),
(239, 62, 6, 18, 0, 2),
(240, 62, 7, 22, 0, 2),
(241, 63, 5, 15, 1, 4),
(242, 63, 4, 10, 1, 4),
(243, 63, 8, 26, 1, 1),
(244, 63, 6, 18, 0, 2),
(245, 63, 7, 22, 0, 2),
(246, 64, 5, 15, 1, 4),
(247, 64, 4, 10, 1, 4),
(248, 64, 8, 26, 1, 1),
(249, 64, 6, 18, 0, 2),
(250, 64, 7, 22, 0, 2),
(251, 65, 5, 15, 1, 4),
(252, 65, 4, 10, 1, 4),
(253, 65, 8, 26, 1, 1),
(254, 65, 6, 18, 0, 2),
(255, 65, 7, 22, 0, 2),
(256, 66, 5, 15, 1, 4),
(257, 66, 4, 10, 1, 4),
(258, 66, 8, 26, 1, 1),
(259, 66, 6, 18, 0, 2),
(260, 66, 7, 22, 0, 2),
(261, 67, 10, 34, 0, 1),
(262, 67, 12, 43, 0, 1),
(263, 67, 9, 32, 0, 1),
(264, 67, 11, 40, 0, 1),
(265, 67, 13, 47, 1, 1),
(266, 68, 10, 34, 0, 1),
(267, 68, 12, 43, 0, 1),
(268, 68, 9, 32, 0, 1),
(269, 68, 11, 40, 0, 1),
(270, 68, 13, 47, 1, 1),
(271, 69, 10, 34, 0, 1),
(272, 69, 12, 43, 0, 1),
(273, 69, 9, 32, 0, 1),
(274, 69, 11, 40, 0, 1),
(275, 69, 13, 47, 1, 1),
(276, 70, 10, 34, 0, 1),
(277, 70, 12, 43, 0, 1),
(278, 70, 9, 32, 0, 1),
(279, 70, 11, 40, 0, 1),
(280, 70, 13, 47, 1, 1),
(281, 71, 10, 34, 0, 1),
(282, 71, 12, 43, 0, 1),
(283, 71, 9, 32, 0, 1),
(284, 71, 11, 40, 0, 1),
(285, 71, 13, 47, 1, 1),
(286, 72, 10, 34, 0, 1),
(287, 72, 12, 43, 0, 1),
(288, 72, 9, 32, 0, 1),
(289, 72, 11, 40, 0, 1),
(290, 72, 13, 47, 1, 1),
(291, 73, 10, 34, 0, 1),
(292, 73, 12, 43, 0, 1),
(293, 73, 9, 32, 0, 1),
(294, 73, 11, 40, 0, 1),
(295, 73, 13, 47, 1, 1),
(296, 74, 9, 30, 1, 5),
(297, 74, 11, 37, 0, 0),
(298, 74, 13, 47, 1, 1),
(299, 74, 12, 44, 0, 1),
(300, 74, 10, 34, 0, 1),
(301, 75, 12, 42, 1, 2),
(302, 75, 10, 35, 1, 4),
(303, 75, 9, 30, 1, 2),
(304, 75, 13, 46, 0, 2),
(305, 75, 11, 39, 1, 3),
(306, 76, 11, 39, 1, 0),
(307, 76, 12, 42, 1, 0),
(308, 76, 10, 35, 1, 0),
(309, 76, 13, 47, 1, 0),
(310, 77, 7, 21, 0, 6),
(311, 77, 5, 15, 1, 2),
(312, 77, 8, 25, 0, 5),
(313, 77, 6, 19, 1, 2),
(314, 77, 4, 9, 0, 1),
(315, 78, 3, 6, 1, 0),
(316, 78, 27, 102, 1, 0),
(317, 78, 24, 89, 1, 0),
(318, 78, 25, 94, 0, 0),
(319, 79, 18, 67, 0, 17),
(320, 79, 1, 1, 1, 6),
(321, 79, 14, 50, 1, 22),
(322, 79, 16, 57, 0, 6),
(323, 79, 17, 61, 1, 5),
(324, 80, 12, 42, 1, 1),
(325, 80, 13, 47, 1, 1),
(326, 80, 9, 30, 1, 1),
(327, 80, 10, 33, 0, 2),
(328, 80, 11, 38, 0, 1),
(329, 81, 10, 34, 0, 1),
(330, 81, 12, 42, 1, 1),
(331, 81, 11, 39, 1, 0),
(332, 81, 13, 47, 1, 1),
(333, 81, 9, 30, 1, 0),
(334, 82, 19, 70, 0, 1),
(335, 82, 21, 78, 0, 1),
(336, 82, 23, 85, 0, 1),
(337, 82, 22, 81, 0, 1),
(338, 82, 20, 73, 0, 1),
(339, 83, 19, 70, 0, 1),
(340, 83, 21, 78, 0, 1),
(341, 83, 23, 85, 0, 1),
(342, 83, 22, 81, 0, 1),
(343, 83, 20, 73, 0, 1),
(344, 84, 12, 43, 0, 2),
(345, 84, 13, 48, 0, 6),
(346, 84, 10, 34, 0, 1),
(347, 84, 9, 29, 0, 1),
(348, 84, 11, 37, 0, 1),
(349, 85, 12, 42, 1, 4),
(350, 85, 11, 39, 1, 2),
(351, 85, 13, 46, 0, 1),
(352, 85, 10, 35, 1, 1),
(353, 85, 9, 30, 1, 2),
(354, 86, 11, 38, 0, 1),
(355, 86, 12, 44, 0, 1),
(356, 86, 9, 32, 0, 1),
(357, 86, 13, 46, 0, 2),
(358, 86, 10, 33, 0, 1),
(359, 87, 13, 46, 0, 0),
(360, 87, 11, 38, 0, 1),
(361, 87, 10, 34, 0, 1),
(362, 87, 9, 30, 1, 1),
(363, 87, 12, 42, 1, 1),
(364, 88, 10, 35, 1, 2),
(365, 88, 13, 47, 1, 1),
(366, 88, 9, 30, 1, 6),
(367, 88, 11, 38, 0, 2),
(368, 88, 12, 42, 1, 1),
(369, 89, 13, 45, 0, 0),
(370, 89, 9, 30, 1, 2),
(371, 89, 10, 35, 1, 8),
(372, 89, 12, 42, 1, 5),
(373, 89, 11, 39, 1, 1),
(374, 90, 11, 39, 1, 1),
(375, 90, 9, 30, 1, 2),
(376, 90, 10, 34, 0, 1),
(377, 90, 13, 47, 1, 1),
(378, 90, 12, 42, 1, 1),
(379, 91, 9, 29, 0, 8),
(380, 91, 11, 39, 1, 4),
(381, 91, 13, 47, 1, 1),
(382, 91, 10, 35, 1, 2),
(383, 91, 12, 42, 1, 3),
(384, 92, 13, 46, 0, 1),
(385, 92, 11, 39, 1, 1),
(386, 92, 9, 31, 0, 1),
(387, 92, 10, 35, 1, 3),
(388, 92, 12, 42, 1, 1),
(389, 93, 9, 30, 1, 1),
(390, 93, 11, 39, 1, 2),
(391, 93, 10, 35, 1, 1),
(392, 93, 12, 42, 1, 2),
(393, 93, 13, 47, 1, 1);

-- --------------------------------------------------------

--
-- Table structure for table `categories`
--

CREATE TABLE `categories` (
  `id` int(11) NOT NULL,
  `category_name` varchar(100) NOT NULL
) ENGINE=InnoDB DEFAULT CHARSET=utf8mb4 COLLATE=utf8mb4_general_ci;

--
-- Dumping data for table `categories`
--

INSERT INTO `categories` (`id`, `category_name`) VALUES
(1, 'Maths'),
(2, 'Science'),
(3, 'History'),
(4, 'GK'),
(5, 'social science');

-- --------------------------------------------------------

--
-- Table structure for table `options`
--

CREATE TABLE `options` (
  `id` int(11) NOT NULL,
  `question_id` int(11) NOT NULL,
  `option_text` varchar(255) NOT NULL,
  `is_correct` tinyint(1) DEFAULT 0
) ENGINE=InnoDB DEFAULT CHARSET=utf8mb4 COLLATE=utf8mb4_general_ci;

--
-- Dumping data for table `options`
--

INSERT INTO `options` (`id`, `question_id`, `option_text`, `is_correct`) VALUES
(1, 1, 'mars', 1),
(2, 1, 'earth', 0),
(3, 1, 'jupyter', 0),
(4, 1, 'venus', 0),
(5, 3, 'USA', 0),
(6, 3, 'India', 1),
(7, 3, 'UK', 0),
(8, 3, 'France', 0),
(9, 4, 'Mumbai', 0),
(10, 4, 'New Delhi', 1),
(11, 4, 'Chennai', 0),
(12, 4, 'Kolkata', 0),
(13, 5, 'Earth', 0),
(14, 5, 'Mars', 0),
(15, 5, 'Jupiter', 1),
(16, 5, 'Venus', 0),
(17, 6, '5', 0),
(18, 6, '6', 0),
(19, 6, '7', 1),
(20, 6, '8', 0),
(21, 7, 'Tiger', 0),
(22, 7, 'Elephant', 0),
(23, 7, 'Lion', 1),
(24, 7, 'Leopard', 0),
(25, 8, 'Indian', 0),
(26, 8, 'Pacific', 1),
(27, 8, 'Atlantic', 0),
(28, 8, 'Arctic', 0),
(29, 9, '20', 0),
(30, 9, '25', 1),
(31, 9, '30', 0),
(32, 9, '35', 0),
(33, 10, '50', 0),
(34, 10, '55', 0),
(35, 10, '60', 1),
(36, 10, '65', 0),
(37, 11, '16', 0),
(38, 11, '32', 0),
(39, 11, '64', 1),
(40, 11, '128', 0),
(41, 12, '20', 0),
(42, 12, '25', 1),
(43, 12, '30', 0),
(44, 12, '40', 0),
(45, 13, '14', 0),
(46, 13, '15', 0),
(47, 13, '16', 1),
(48, 13, '17', 0),
(49, 14, 'Carbon dioxide', 0),
(50, 14, 'Oxygen', 1),
(51, 14, 'Nitrogen', 0),
(52, 14, 'Hydrogen', 0),
(53, 15, 'Earth', 0),
(54, 15, 'Mars', 1),
(55, 15, 'Jupiter', 0),
(56, 15, 'Venus', 0),
(57, 16, 'Brain', 0),
(58, 16, 'Liver', 0),
(59, 16, 'Heart', 1),
(60, 16, 'Lungs', 0),
(61, 17, '0°C', 1),
(62, 17, '50°C', 0),
(63, 17, '100°C', 0),
(64, 17, '10°C', 0),
(65, 18, 'A', 0),
(66, 18, 'B', 0),
(67, 18, 'C', 0),
(68, 18, 'D', 1),
(69, 19, 'Nehru', 1),
(70, 19, 'Patel', 0),
(71, 19, 'Gandhi', 0),
(72, 19, 'Bose', 0),
(73, 20, 'Newton', 0),
(74, 20, 'Columbus', 1),
(75, 20, 'Einstein', 0),
(76, 20, 'Darwin', 0),
(77, 21, '1945', 0),
(78, 21, '1946', 0),
(79, 21, '1947', 1),
(80, 21, '1950', 0),
(81, 22, 'Akbar', 0),
(82, 22, 'Shah Jahan', 1),
(83, 22, 'Aurangzeb', 0),
(84, 22, 'Babur', 0),
(85, 23, 'Nehru', 0),
(86, 23, 'Patel', 0),
(87, 23, 'Gandhi', 1),
(88, 23, 'Bose', 0),
(89, 24, 'Gross Domestic Product', 1),
(90, 24, 'Great Data Power', 0),
(91, 24, 'General Demand Price', 0),
(92, 24, 'Global Development Plan', 0),
(93, 25, 'Tiger', 1),
(94, 25, 'Lion', 0),
(95, 25, 'Elephant', 0),
(96, 25, 'Horse', 0),
(97, 26, 'Rose', 0),
(98, 26, 'Lotus', 1),
(99, 26, 'Lily', 0),
(100, 26, 'Sunflower', 0),
(101, 27, 'Dollar', 0),
(102, 27, 'Rupee', 1),
(103, 27, 'Yen', 0),
(104, 27, 'Euro', 0),
(105, 28, '𝑦 = 2 ', 1),
(106, 28, 'y=-2', 0),
(107, 28, 'y=1', 0),
(108, 28, 'y=0', 0),
(109, 29, '84', 0),
(110, 29, '96', 1),
(111, 29, '108', 0),
(112, 29, '88', 0),
(113, 30, '10', 0),
(114, 30, '11', 0),
(115, 30, '12', 1),
(116, 30, '13', 0),
(117, 31, 'Mahatma Gandhi', 0),
(118, 31, 'B. R. Ambedkar', 1),
(119, 31, 'Jawaharlal Nehru', 0),
(120, 31, 'Sardar Patel', 0),
(121, 32, 'Earth', 0),
(122, 32, 'Mars', 1),
(123, 32, 'Jupiter', 0),
(124, 32, 'Venus', 0),
(125, 33, '1945', 0),
(126, 33, '1946', 0),
(127, 33, '1947', 1),
(128, 33, '1950', 0),
(129, 34, 'Akbar', 0),
(130, 34, 'Babur', 1),
(131, 34, 'Humayun', 0),
(132, 34, 'Shah Jahan', 0),
(133, 35, '25', 0),
(134, 35, '50', 1),
(135, 35, '75', 0),
(136, 35, '100', 0),
(137, 36, 'Oxygen', 0),
(138, 36, 'Carbon Dioxide', 1),
(139, 36, 'Nitrogen', 0),
(140, 36, 'Hydrogen', 0),
(141, 37, 'H2O', 1),
(142, 37, 'CO2', 0),
(143, 37, 'O2', 0),
(144, 37, 'NaCl', 0),
(145, 38, 'Indian Ocean', 0),
(146, 38, 'Atlantic Ocean', 0),
(147, 38, 'Pacific Ocean', 1),
(148, 38, 'Arctic Ocean', 0),
(149, 39, '3x^2', 1),
(150, 39, 'x^3', 0),
(151, 39, '6x', 0),
(152, 39, 'x^2', 0),
(153, 40, '18', 0),
(154, 40, '81', 1),
(155, 40, '72', 0),
(156, 40, '99', 0),
(157, 41, '4', 0),
(158, 41, '5', 0),
(159, 41, '6', 1),
(160, 41, '7', 0),
(161, 42, '2', 0),
(162, 42, '5', 1),
(163, 42, '10', 0),
(164, 42, '20', 0),
(165, 43, '1', 0),
(166, 43, '2', 0),
(167, 43, '3', 1),
(168, 43, '4', 0),
(169, 44, 'China', 0),
(170, 44, 'Brazil', 1),
(171, 44, 'UK', 0),
(172, 44, 'Japan', 0),
(173, 45, 'Nile', 1),
(174, 45, 'Amazon', 0),
(175, 45, 'Ganga', 0),
(176, 45, 'Mississippi', 0),
(177, 46, 'Newton', 0),
(178, 46, 'Alexander Graham Bell', 1),
(179, 46, 'Edison', 0),
(180, 46, 'Tesla', 0),
(181, 47, 'Africa', 1),
(182, 47, 'Asia', 0),
(183, 47, 'Europe', 0),
(184, 47, 'South America', 0),
(185, 48, 'K2', 0),
(186, 48, 'Mount Everest', 1),
(187, 48, 'Kangchenjunga', 0),
(188, 48, 'Lhotse', 0),
(189, 49, 'Akbar', 0),
(190, 49, 'Babur', 1),
(191, 49, 'Humayun', 0),
(192, 49, 'Shah Jahan', 0),
(193, 50, '1943', 0),
(194, 50, '1944', 0),
(195, 50, '1945', 1),
(196, 50, '1946', 0),
(197, 51, 'Christopher Columbus', 1),
(198, 51, 'James Cook', 0),
(199, 51, 'Magellan', 0),
(200, 51, 'Marco Polo', 0),
(201, 52, 'Bhagat Singh', 0),
(202, 52, 'Sardar Patel', 1),
(203, 52, 'Subhas Bose', 0),
(204, 52, 'Nehru', 0),
(205, 53, '1789', 1),
(206, 53, '1776', 0),
(207, 53, '1804', 0),
(208, 53, '1799', 0),
(209, 54, 'Ag', 0),
(210, 54, 'Au', 1),
(211, 54, 'Fe', 0),
(212, 54, 'Go', 0),
(213, 55, '3x^2', 1),
(214, 55, 'x^3', 0),
(215, 55, '6x', 0),
(216, 55, 'x^2', 0),
(217, 56, '18', 0),
(218, 56, '81', 1),
(219, 56, '72', 0),
(220, 56, '99', 0),
(221, 57, '4', 0),
(222, 57, '5', 0),
(223, 57, '6', 1),
(224, 57, '7', 0),
(225, 58, '2', 0),
(226, 58, '5', 1),
(227, 58, '10', 0),
(228, 58, '20', 0),
(229, 59, '1', 0),
(230, 59, '2', 0),
(231, 59, '3', 1),
(232, 59, '4', 0),
(233, 60, 'China', 0),
(234, 60, 'Brazil', 1),
(235, 60, 'UK', 0),
(236, 60, 'Japan', 0),
(237, 61, 'Nile', 1),
(238, 61, 'Amazon', 0),
(239, 61, 'Ganga', 0),
(240, 61, 'Mississippi', 0),
(241, 62, 'Newton', 0),
(242, 62, 'Alexander Graham Bell', 1),
(243, 62, 'Edison', 0),
(244, 62, 'Tesla', 0),
(245, 63, 'Africa', 1),
(246, 63, 'Asia', 0),
(247, 63, 'Europe', 0),
(248, 63, 'South America', 0),
(249, 64, 'K2', 0),
(250, 64, 'Mount Everest', 1),
(251, 64, 'Kangchenjunga', 0),
(252, 64, 'Lhotse', 0),
(253, 65, 'Akbar', 0),
(254, 65, 'Babur', 1),
(255, 65, 'Humayun', 0),
(256, 65, 'Shah Jahan', 0),
(257, 66, '1943', 0),
(258, 66, '1944', 0),
(259, 66, '1945', 1),
(260, 66, '1946', 0),
(261, 67, 'Christopher Columbus', 1),
(262, 67, 'James Cook', 0),
(263, 67, 'Magellan', 0),
(264, 67, 'Marco Polo', 0),
(265, 68, 'Bhagat Singh', 0),
(266, 68, 'Sardar Patel', 1),
(267, 68, 'Subhas Bose', 0),
(268, 68, 'Nehru', 0),
(269, 69, '1789', 1),
(270, 69, '1776', 0),
(271, 69, '1804', 0),
(272, 69, '1799', 0),
(273, 70, 'Ag', 0),
(274, 70, 'Au', 1),
(275, 70, 'Fe', 0),
(276, 70, 'Go', 0),
(277, 71, '84', 0),
(278, 71, '96', 1),
(279, 71, '108', 0),
(280, 71, '88', 0),
(281, 72, '10', 0),
(282, 72, '11', 0),
(283, 72, '12', 1),
(284, 72, '13', 0),
(285, 73, 'Mahatma Gandhi', 0),
(286, 73, 'B. R. Ambedkar', 1),
(287, 73, 'Jawaharlal Nehru', 0),
(288, 73, 'Sardar Patel', 0),
(289, 74, 'Earth', 0),
(290, 74, 'Mars', 1),
(291, 74, 'Jupiter', 0),
(292, 74, 'Venus', 0),
(293, 75, '1945', 0),
(294, 75, '1946', 0),
(295, 75, '1947', 1),
(296, 75, '1950', 0),
(297, 76, 'Akbar', 0),
(298, 76, 'Babur', 1),
(299, 76, 'Humayun', 0),
(300, 76, 'Shah Jahan', 0),
(301, 77, '25', 0),
(302, 77, '50', 1),
(303, 77, '75', 0),
(304, 77, '100', 0),
(305, 78, 'Oxygen', 0),
(306, 78, 'Carbon Dioxide', 1),
(307, 78, 'Nitrogen', 0),
(308, 78, 'Hydrogen', 0),
(309, 79, 'H2O', 1),
(310, 79, 'CO2', 0),
(311, 79, 'O2', 0),
(312, 79, 'NaCl', 0),
(313, 80, 'Indian Ocean', 0),
(314, 80, 'Atlantic Ocean', 0),
(315, 80, 'Pacific Ocean', 1),
(316, 80, 'Arctic Ocean', 0),
(317, 81, '3x^2', 1),
(318, 81, 'x^3', 0),
(319, 81, '6x', 0),
(320, 81, 'x^2', 0),
(321, 82, '18', 0),
(322, 82, '81', 1),
(323, 82, '72', 0),
(324, 82, '99', 0),
(325, 83, '4', 0),
(326, 83, '5', 0),
(327, 83, '6', 1),
(328, 83, '7', 0),
(329, 84, '2', 0),
(330, 84, '5', 1),
(331, 84, '10', 0),
(332, 84, '20', 0),
(333, 85, '1', 0),
(334, 85, '2', 0),
(335, 85, '3', 1),
(336, 85, '4', 0),
(337, 86, 'China', 0),
(338, 86, 'Brazil', 1),
(339, 86, 'UK', 0),
(340, 86, 'Japan', 0),
(341, 87, 'Nile', 1),
(342, 87, 'Amazon', 0),
(343, 87, 'Ganga', 0),
(344, 87, 'Mississippi', 0),
(345, 88, 'Newton', 0),
(346, 88, 'Alexander Graham Bell', 1),
(347, 88, 'Edison', 0),
(348, 88, 'Tesla', 0),
(349, 89, 'Africa', 1),
(350, 89, 'Asia', 0),
(351, 89, 'Europe', 0),
(352, 89, 'South America', 0),
(353, 90, 'K2', 0),
(354, 90, 'Mount Everest', 1),
(355, 90, 'Kangchenjunga', 0),
(356, 90, 'Lhotse', 0),
(357, 91, 'Akbar', 0),
(358, 91, 'Babur', 1),
(359, 91, 'Humayun', 0),
(360, 91, 'Shah Jahan', 0),
(361, 92, '1943', 0),
(362, 92, '1944', 0),
(363, 92, '1945', 1),
(364, 92, '1946', 0),
(365, 93, 'Christopher Columbus', 1),
(366, 93, 'James Cook', 0),
(367, 93, 'Magellan', 0),
(368, 93, 'Marco Polo', 0),
(369, 94, 'Bhagat Singh', 0),
(370, 94, 'Sardar Patel', 1),
(371, 94, 'Subhas Bose', 0),
(372, 94, 'Nehru', 0),
(373, 95, '1789', 1),
(374, 95, '1776', 0),
(375, 95, '1804', 0),
(376, 95, '1799', 0),
(377, 96, 'Ag', 0),
(378, 96, 'Au', 1),
(379, 96, 'Fe', 0),
(380, 96, 'Go', 0),
(381, 97, '3x^2', 1),
(382, 97, 'x^3', 0),
(383, 97, '6x', 0),
(384, 97, 'x^2', 0),
(385, 98, '18', 0),
(386, 98, '81', 1),
(387, 98, '72', 0),
(388, 98, '99', 0),
(389, 99, '4', 0),
(390, 99, '5', 0),
(391, 99, '6', 1),
(392, 99, '7', 0),
(393, 100, '2', 0),
(394, 100, '5', 1),
(395, 100, '10', 0),
(396, 100, '20', 0),
(397, 101, '1', 0),
(398, 101, '2', 0),
(399, 101, '3', 1),
(400, 101, '4', 0),
(401, 102, 'China', 0),
(402, 102, 'Brazil', 1),
(403, 102, 'UK', 0),
(404, 102, 'Japan', 0),
(405, 103, 'Nile', 1),
(406, 103, 'Amazon', 0),
(407, 103, 'Ganga', 0),
(408, 103, 'Mississippi', 0),
(409, 104, 'Newton', 0),
(410, 104, 'Alexander Graham Bell', 1),
(411, 104, 'Edison', 0),
(412, 104, 'Tesla', 0),
(413, 105, 'Africa', 1),
(414, 105, 'Asia', 0),
(415, 105, 'Europe', 0),
(416, 105, 'South America', 0),
(417, 106, 'K2', 0),
(418, 106, 'Mount Everest', 1),
(419, 106, 'Kangchenjunga', 0),
(420, 106, 'Lhotse', 0),
(421, 107, 'Akbar', 0),
(422, 107, 'Babur', 1),
(423, 107, 'Humayun', 0),
(424, 107, 'Shah Jahan', 0),
(425, 108, '1943', 0),
(426, 108, '1944', 0),
(427, 108, '1945', 1),
(428, 108, '1946', 0),
(429, 109, 'Christopher Columbus', 1),
(430, 109, 'James Cook', 0),
(431, 109, 'Magellan', 0),
(432, 109, 'Marco Polo', 0),
(433, 110, 'Bhagat Singh', 0),
(434, 110, 'Sardar Patel', 1),
(435, 110, 'Subhas Bose', 0),
(436, 110, 'Nehru', 0),
(437, 111, '1789', 1),
(438, 111, '1776', 0),
(439, 111, '1804', 0),
(440, 111, '1799', 0),
(441, 112, 'Ag', 0),
(442, 112, 'Au', 1),
(443, 112, 'Fe', 0),
(444, 112, 'Go', 0),
(445, 113, '3x^2', 1),
(446, 113, 'x^3', 0),
(447, 113, '6x', 0),
(448, 113, 'x^2', 0),
(449, 114, '18', 0),
(450, 114, '81', 1),
(451, 114, '72', 0),
(452, 114, '99', 0),
(453, 115, '4', 0),
(454, 115, '5', 0),
(455, 115, '6', 1),
(456, 115, '7', 0),
(457, 116, '2', 0),
(458, 116, '5', 1),
(459, 116, '10', 0),
(460, 116, '20', 0),
(461, 117, '1', 0),
(462, 117, '2', 0),
(463, 117, '3', 1),
(464, 117, '4', 0),
(465, 118, 'China', 0),
(466, 118, 'Brazil', 1),
(467, 118, 'UK', 0),
(468, 118, 'Japan', 0),
(469, 119, 'Nile', 1),
(470, 119, 'Amazon', 0),
(471, 119, 'Ganga', 0),
(472, 119, 'Mississippi', 0),
(473, 120, 'Newton', 0),
(474, 120, 'Alexander Graham Bell', 1),
(475, 120, 'Edison', 0),
(476, 120, 'Tesla', 0),
(477, 121, 'Africa', 1),
(478, 121, 'Asia', 0),
(479, 121, 'Europe', 0),
(480, 121, 'South America', 0),
(481, 122, 'K2', 0),
(482, 122, 'Mount Everest', 1),
(483, 122, 'Kangchenjunga', 0),
(484, 122, 'Lhotse', 0),
(485, 123, 'Akbar', 0),
(486, 123, 'Babur', 1),
(487, 123, 'Humayun', 0),
(488, 123, 'Shah Jahan', 0),
(489, 124, '1943', 0),
(490, 124, '1944', 0),
(491, 124, '1945', 1),
(492, 124, '1946', 0),
(493, 125, 'Christopher Columbus', 1),
(494, 125, 'James Cook', 0),
(495, 125, 'Magellan', 0),
(496, 125, 'Marco Polo', 0),
(497, 126, 'Bhagat Singh', 0),
(498, 126, 'Sardar Patel', 1),
(499, 126, 'Subhas Bose', 0),
(500, 126, 'Nehru', 0),
(501, 127, '1789', 1),
(502, 127, '1776', 0),
(503, 127, '1804', 0),
(504, 127, '1799', 0),
(505, 128, 'Ag', 0),
(506, 128, 'Au', 1),
(507, 128, 'Fe', 0),
(508, 128, 'Go', 0);

-- --------------------------------------------------------

--
-- Table structure for table `questions`
--

CREATE TABLE `questions` (
  `id` int(11) NOT NULL,
  `category_id` int(11) NOT NULL,
  `question` text NOT NULL,
  `difficulty` enum('easy','medium','hard') NOT NULL,
  `created_at` timestamp NOT NULL DEFAULT current_timestamp()
) ENGINE=InnoDB DEFAULT CHARSET=utf8mb4 COLLATE=utf8mb4_general_ci;

--
-- Dumping data for table `questions`
--

INSERT INTO `questions` (`id`, `category_id`, `question`, `difficulty`, `created_at`) VALUES
(1, 2, 'Which planet in our solar system is famously known as the \"Red Planet\"?', 'easy', '2026-01-22 18:54:03'),
(3, 5, 'Which is largest democracy?', 'easy', '2026-02-14 13:47:57'),
(4, 4, 'What is the capital of India?', 'easy', '2026-02-14 13:47:57'),
(5, 4, 'Which is the largest planet?', 'easy', '2026-02-14 13:47:57'),
(6, 4, 'How many days are there in a week?', 'easy', '2026-02-14 13:47:57'),
(7, 4, 'Which animal is known as King of Jungle?', 'easy', '2026-02-14 13:47:57'),
(8, 4, 'Which ocean is largest?', 'easy', '2026-02-14 13:47:57'),
(9, 1, 'What is 10 + 15?', 'easy', '2026-02-14 13:47:57'),
(10, 1, 'What is 12 x 5?', 'easy', '2026-02-14 13:47:57'),
(11, 1, 'Square of 8 is', 'easy', '2026-02-14 13:47:57'),
(12, 1, 'What is 100 ÷ 4?', 'easy', '2026-02-14 13:47:57'),
(13, 1, 'What is 7 + 9?', 'easy', '2026-02-14 13:47:57'),
(14, 2, 'Which gas do humans breathe in?', 'easy', '2026-02-14 13:47:57'),
(15, 2, 'Which planet is called Red Planet?', 'easy', '2026-02-14 13:47:57'),
(16, 2, 'Which organ pumps blood?', 'easy', '2026-02-14 13:47:57'),
(17, 2, 'Water freezes at', 'easy', '2026-02-14 13:47:57'),
(18, 2, 'Which vitamin comes from sunlight?', 'easy', '2026-02-14 13:47:57'),
(19, 3, 'Who was first Prime Minister of India?', 'easy', '2026-02-14 13:47:57'),
(20, 3, 'Who discovered America?', 'easy', '2026-02-14 13:47:57'),
(21, 3, 'In which year India got independence?', 'easy', '2026-02-14 13:47:57'),
(22, 3, 'Who built Taj Mahal?', 'easy', '2026-02-14 13:47:57'),
(23, 3, 'Who was Father of Nation?', 'easy', '2026-02-14 13:47:57'),
(24, 5, 'What does GDP stand for?', 'easy', '2026-02-14 13:47:57'),
(25, 5, 'Which is the national animal of India?', 'easy', '2026-02-14 13:47:57'),
(26, 5, 'Which is national flower of India?', 'easy', '2026-02-14 13:47:57'),
(27, 5, 'Which is the national currency of India?', 'easy', '2026-02-14 13:47:57'),
(28, 1, 'y = x³ − 3x² + 2', 'hard', '2026-02-14 14:16:55'),
(29, 1, 'What is the value of 12 × 8?', 'medium', '2026-03-06 04:11:02'),
(30, 1, 'What is the square root of 144?', 'medium', '2026-03-06 04:11:02'),
(31, 4, 'Who is known as the Father of the Indian Constitution?', 'medium', '2026-03-06 04:11:02'),
(32, 4, 'Which planet is known as the Red Planet?', 'medium', '2026-03-06 04:11:02'),
(33, 3, 'In which year did India gain independence?', 'medium', '2026-03-06 04:11:02'),
(34, 3, 'Who was the first Mughal Emperor of India?', 'medium', '2026-03-06 04:11:02'),
(35, 1, 'What is 25% of 200?', 'medium', '2026-03-06 04:11:02'),
(36, 2, 'What gas do plants absorb from the atmosphere?', 'medium', '2026-03-06 04:11:02'),
(37, 2, 'What is the chemical symbol for water?', 'medium', '2026-03-06 04:11:02'),
(38, 4, 'Which is the largest ocean on Earth?', 'medium', '2026-03-06 04:11:02'),
(39, 1, 'What is the derivative of x^3?', 'hard', '2026-03-06 04:49:35'),
(40, 1, 'What is the value of 9^2?', 'hard', '2026-03-06 04:49:36'),
(41, 1, 'What is the cube root of 216?', 'hard', '2026-03-06 04:49:36'),
(42, 1, 'If 2x = 10 what is x?', 'hard', '2026-03-06 04:49:36'),
(43, 1, 'What is the value of log10(1000)?', 'hard', '2026-03-06 04:49:36'),
(44, 4, 'Which country hosted the 2016 Olympics?', 'hard', '2026-03-06 04:49:36'),
(45, 4, 'Which is the longest river in the world?', 'hard', '2026-03-06 04:49:36'),
(46, 4, 'Who invented the telephone?', 'hard', '2026-03-06 04:49:36'),
(47, 4, 'Which continent has the most countries?', 'hard', '2026-03-06 04:49:36'),
(48, 4, 'Which is the tallest mountain in the world?', 'hard', '2026-03-06 04:49:36'),
(49, 3, 'Who was the founder of the Mughal Empire?', 'hard', '2026-03-06 04:49:36'),
(50, 3, 'In which year did World War II end?', 'hard', '2026-03-06 04:49:36'),
(51, 3, 'Who discovered America in 1492?', 'hard', '2026-03-06 04:49:36'),
(52, 3, 'Who was known as the Iron Man of India?', 'hard', '2026-03-06 04:49:36'),
(53, 3, 'The French Revolution began in which year?', 'hard', '2026-03-06 04:49:36'),
(54, 2, 'What is the chemical symbol for gold?', 'hard', '2026-03-06 04:49:36'),
(55, 1, 'What is the derivative of x^3?', 'hard', '2026-03-06 04:55:20'),
(56, 1, 'What is the value of 9^2?', 'hard', '2026-03-06 04:55:20'),
(57, 1, 'What is the cube root of 216?', 'hard', '2026-03-06 04:55:20'),
(58, 1, 'If 2x = 10 what is x?', 'hard', '2026-03-06 04:55:20'),
(59, 1, 'What is the value of log10(1000)?', 'hard', '2026-03-06 04:55:20'),
(60, 4, 'Which country hosted the 2016 Olympics?', 'hard', '2026-03-06 04:55:20'),
(61, 4, 'Which is the longest river in the world?', 'hard', '2026-03-06 04:55:20'),
(62, 4, 'Who invented the telephone?', 'hard', '2026-03-06 04:55:20'),
(63, 4, 'Which continent has the most countries?', 'hard', '2026-03-06 04:55:20'),
(64, 4, 'Which is the tallest mountain in the world?', 'hard', '2026-03-06 04:55:20'),
(65, 3, 'Who was the founder of the Mughal Empire?', 'hard', '2026-03-06 04:55:20'),
(66, 3, 'In which year did World War II end?', 'hard', '2026-03-06 04:55:21'),
(67, 3, 'Who discovered America in 1492?', 'hard', '2026-03-06 04:55:21'),
(68, 3, 'Who was known as the Iron Man of India?', 'hard', '2026-03-06 04:55:21'),
(69, 3, 'The French Revolution began in which year?', 'hard', '2026-03-06 04:55:21'),
(70, 2, 'What is the chemical symbol for gold?', 'hard', '2026-03-06 04:55:21'),
(71, 1, 'What is the value of 12 × 8?', 'medium', '2026-03-06 04:55:30'),
(72, 1, 'What is the square root of 144?', 'medium', '2026-03-06 04:55:30'),
(73, 4, 'Who is known as the Father of the Indian Constitution?', 'medium', '2026-03-06 04:55:30'),
(74, 4, 'Which planet is known as the Red Planet?', 'medium', '2026-03-06 04:55:30'),
(75, 3, 'In which year did India gain independence?', 'medium', '2026-03-06 04:55:30'),
(76, 3, 'Who was the first Mughal Emperor of India?', 'medium', '2026-03-06 04:55:30'),
(77, 1, 'What is 25% of 200?', 'medium', '2026-03-06 04:55:30'),
(78, 2, 'What gas do plants absorb from the atmosphere?', 'medium', '2026-03-06 04:55:30'),
(79, 2, 'What is the chemical symbol for water?', 'medium', '2026-03-06 04:55:30'),
(80, 4, 'Which is the largest ocean on Earth?', 'medium', '2026-03-06 04:55:30'),
(81, 1, 'What is the derivative of x^3?', 'hard', '2026-03-06 04:55:55'),
(82, 1, 'What is the value of 9^2?', 'hard', '2026-03-06 04:55:55'),
(83, 1, 'What is the cube root of 216?', 'hard', '2026-03-06 04:55:55'),
(84, 1, 'If 2x = 10 what is x?', 'hard', '2026-03-06 04:55:55'),
(85, 1, 'What is the value of log10(1000)?', 'hard', '2026-03-06 04:55:55'),
(86, 4, 'Which country hosted the 2016 Olympics?', 'hard', '2026-03-06 04:55:55'),
(87, 4, 'Which is the longest river in the world?', 'hard', '2026-03-06 04:55:55'),
(88, 4, 'Who invented the telephone?', 'hard', '2026-03-06 04:55:55'),
(89, 4, 'Which continent has the most countries?', 'hard', '2026-03-06 04:55:55'),
(90, 4, 'Which is the tallest mountain in the world?', 'hard', '2026-03-06 04:55:55'),
(91, 3, 'Who was the founder of the Mughal Empire?', 'hard', '2026-03-06 04:55:55'),
(92, 3, 'In which year did World War II end?', 'hard', '2026-03-06 04:55:55'),
(93, 3, 'Who discovered America in 1492?', 'hard', '2026-03-06 04:55:55'),
(94, 3, 'Who was known as the Iron Man of India?', 'hard', '2026-03-06 04:55:55'),
(95, 3, 'The French Revolution began in which year?', 'hard', '2026-03-06 04:55:55'),
(96, 2, 'What is the chemical symbol for gold?', 'hard', '2026-03-06 04:55:55'),
(97, 1, 'What is the derivative of x^3?', 'hard', '2026-03-06 04:57:30'),
(98, 1, 'What is the value of 9^2?', 'hard', '2026-03-06 04:57:30'),
(99, 1, 'What is the cube root of 216?', 'hard', '2026-03-06 04:57:30'),
(100, 1, 'If 2x = 10 what is x?', 'hard', '2026-03-06 04:57:30'),
(101, 1, 'What is the value of log10(1000)?', 'hard', '2026-03-06 04:57:30'),
(102, 4, 'Which country hosted the 2016 Olympics?', 'hard', '2026-03-06 04:57:30'),
(103, 4, 'Which is the longest river in the world?', 'hard', '2026-03-06 04:57:30'),
(104, 4, 'Who invented the telephone?', 'hard', '2026-03-06 04:57:30'),
(105, 4, 'Which continent has the most countries?', 'hard', '2026-03-06 04:57:30'),
(106, 4, 'Which is the tallest mountain in the world?', 'hard', '2026-03-06 04:57:30'),
(107, 3, 'Who was the founder of the Mughal Empire?', 'hard', '2026-03-06 04:57:30'),
(108, 3, 'In which year did World War II end?', 'hard', '2026-03-06 04:57:30'),
(109, 3, 'Who discovered America in 1492?', 'hard', '2026-03-06 04:57:30'),
(110, 3, 'Who was known as the Iron Man of India?', 'hard', '2026-03-06 04:57:30'),
(111, 3, 'The French Revolution began in which year?', 'hard', '2026-03-06 04:57:30'),
(112, 2, 'What is the chemical symbol for gold?', 'hard', '2026-03-06 04:57:30'),
(113, 1, 'What is the derivative of x^3?', 'hard', '2026-03-06 14:51:10'),
(114, 1, 'What is the value of 9^2?', 'hard', '2026-03-06 14:51:10'),
(115, 1, 'What is the cube root of 216?', 'hard', '2026-03-06 14:51:10'),
(116, 1, 'If 2x = 10 what is x?', 'hard', '2026-03-06 14:51:10'),
(117, 1, 'What is the value of log10(1000)?', 'hard', '2026-03-06 14:51:10'),
(118, 4, 'Which country hosted the 2016 Olympics?', 'hard', '2026-03-06 14:51:10'),
(119, 4, 'Which is the longest river in the world?', 'hard', '2026-03-06 14:51:10'),
(120, 4, 'Who invented the telephone?', 'hard', '2026-03-06 14:51:10'),
(121, 4, 'Which continent has the most countries?', 'hard', '2026-03-06 14:51:10'),
(122, 4, 'Which is the tallest mountain in the world?', 'hard', '2026-03-06 14:51:10'),
(123, 3, 'Who was the founder of the Mughal Empire?', 'hard', '2026-03-06 14:51:10'),
(124, 3, 'In which year did World War II end?', 'hard', '2026-03-06 14:51:10'),
(125, 3, 'Who discovered America in 1492?', 'hard', '2026-03-06 14:51:10'),
(126, 3, 'Who was known as the Iron Man of India?', 'hard', '2026-03-06 14:51:10'),
(127, 3, 'The French Revolution began in which year?', 'hard', '2026-03-06 14:51:10'),
(128, 2, 'What is the chemical symbol for gold?', 'hard', '2026-03-06 14:51:10');

-- --------------------------------------------------------

--
-- Table structure for table `quiz_attempts`
--

CREATE TABLE `quiz_attempts` (
  `id` int(11) NOT NULL,
  `user_id` int(11) NOT NULL,
  `category_id` int(11) NOT NULL,
  `difficulty` enum('easy','medium','hard') NOT NULL,
  `total_questions` int(11) NOT NULL,
  `correct_answers` int(11) NOT NULL,
  `score` int(11) NOT NULL,
  `accuracy` decimal(5,2) DEFAULT NULL,
  `attempted_at` timestamp NOT NULL DEFAULT current_timestamp()
) ENGINE=InnoDB DEFAULT CHARSET=utf8mb4 COLLATE=utf8mb4_general_ci;

--
-- Dumping data for table `quiz_attempts`
--

INSERT INTO `quiz_attempts` (`id`, `user_id`, `category_id`, `difficulty`, `total_questions`, `correct_answers`, `score`, `accuracy`, `attempted_at`) VALUES
(1, 2, 2, '', 1, 1, 1, 100.00, '2026-01-23 19:35:11'),
(2, 2, 2, 'easy', 1, 1, 1, 100.00, '2026-01-24 10:03:14'),
(3, 2, 2, 'easy', 1, 1, 1, 100.00, '2026-01-24 10:03:43'),
(4, 2, 2, 'easy', 1, 1, 1, 100.00, '2026-01-24 10:04:12'),
(5, 2, 2, 'easy', 1, 1, 1, 100.00, '2026-01-24 10:05:55'),
(6, 1, 1, 'easy', 10, 7, 7, 70.00, '2026-01-27 18:19:50'),
(7, 1, 1, 'easy', 10, 8, 8, 80.00, '2026-01-27 18:19:50'),
(8, 1, 1, 'easy', 10, 9, 9, 90.00, '2026-01-27 18:19:50'),
(9, 2, 2, 'easy', 1, 0, 0, 0.00, '2026-02-13 09:05:57'),
(10, 2, 2, 'easy', 1, 0, 0, 0.00, '2026-02-13 09:06:40'),
(11, 2, 2, 'easy', 1, 0, 0, 0.00, '2026-02-13 09:10:23'),
(12, 2, 2, 'easy', 1, 0, 0, 0.00, '2026-02-13 09:13:28'),
(13, 2, 2, 'easy', 1, 0, 0, 0.00, '2026-02-13 09:13:32'),
(14, 2, 1, 'easy', 4, 3, 3, 75.00, '2026-02-16 04:10:58'),
(15, 2, 1, 'hard', 1, 1, 1, 100.00, '2026-02-16 04:11:23'),
(16, 2, 1, '', 5, 4, 4, 80.00, '2026-02-16 04:15:34'),
(17, 2, 1, 'easy', 2, 1, 1, 50.00, '2026-02-16 04:30:20'),
(18, 2, 1, 'easy', 2, 1, 1, 50.00, '2026-02-16 04:33:19'),
(19, 4, 2, 'easy', 1, 1, 1, 100.00, '2026-02-16 04:37:00'),
(20, 2, 4, 'easy', 5, 5, 5, 100.00, '2026-02-16 11:37:45'),
(21, 2, 4, 'easy', 5, 5, 5, 100.00, '2026-02-16 11:40:31'),
(22, 2, 4, 'easy', 5, 2, 2, 40.00, '2026-02-16 11:46:50'),
(23, 2, 1, 'easy', 5, 4, 4, 80.00, '2026-02-16 18:06:06'),
(24, 6, 1, 'easy', 5, 3, 3, 60.00, '2026-02-16 18:09:58'),
(25, 7, 5, 'easy', 5, 3, 3, 60.00, '2026-02-16 19:33:44'),
(26, 7, 5, 'easy', 5, 3, 3, 60.00, '2026-02-16 19:34:26'),
(27, 7, 5, 'easy', 5, 3, 3, 60.00, '2026-02-16 19:34:34'),
(28, 7, 1, 'easy', 5, 5, 5, 100.00, '2026-02-16 19:37:11'),
(29, 8, 3, 'easy', 5, 5, 5, 100.00, '2026-02-17 13:14:35'),
(30, 8, 1, 'easy', 5, 3, 3, 60.00, '2026-02-17 13:15:50'),
(31, 8, 2, 'easy', 5, 3, 3, 60.00, '2026-02-17 13:17:22'),
(32, 8, 1, 'easy', 5, 3, 3, 60.00, '2026-02-17 13:20:59'),
(33, 2, 5, 'easy', 5, 3, 3, 60.00, '2026-02-17 13:22:43'),
(34, 2, 1, 'easy', 5, 2, 2, 40.00, '2026-02-17 13:23:52'),
(35, 2, 4, 'easy', 5, 4, 4, 80.00, '2026-02-17 13:24:54'),
(36, 2, 1, 'easy', 5, 1, 1, 20.00, '2026-02-17 14:42:21'),
(37, 2, 1, 'easy', 5, 1, 1, 20.00, '2026-02-17 15:04:04'),
(38, 2, 1, 'easy', 5, 1, 1, 20.00, '2026-02-17 15:07:10'),
(39, 2, 1, 'easy', 5, 1, 1, 20.00, '2026-02-17 15:12:58'),
(40, 2, 2, 'easy', 5, 2, 2, 40.00, '2026-02-17 15:16:39'),
(41, 2, 2, 'easy', 5, 2, 2, 40.00, '2026-02-17 15:18:24'),
(42, 8, 2, 'easy', 5, 5, 5, 100.00, '2026-02-17 15:21:33'),
(43, 8, 4, 'easy', 5, 3, 3, 60.00, '2026-02-17 15:24:28'),
(44, 8, 4, 'easy', 5, 3, 3, 60.00, '2026-02-17 15:24:36'),
(45, 8, 4, 'easy', 5, 3, 3, 60.00, '2026-02-17 15:25:23'),
(46, 8, 4, 'easy', 5, 3, 3, 60.00, '2026-02-17 15:26:18'),
(47, 8, 4, 'easy', 5, 3, 3, 60.00, '2026-02-17 15:26:52'),
(48, 8, 4, 'easy', 5, 3, 3, 60.00, '2026-02-17 15:35:17'),
(49, 8, 4, 'easy', 5, 3, 3, 60.00, '2026-02-17 15:36:51'),
(50, 8, 4, 'easy', 5, 3, 3, 60.00, '2026-02-17 15:37:05'),
(51, 8, 4, 'easy', 5, 3, 3, 60.00, '2026-02-17 15:37:14'),
(52, 8, 4, 'easy', 5, 3, 3, 60.00, '2026-02-17 15:40:50'),
(53, 8, 4, 'easy', 5, 3, 3, 60.00, '2026-02-17 15:40:56'),
(54, 8, 4, 'easy', 5, 3, 3, 60.00, '2026-02-17 15:42:22'),
(55, 8, 4, 'easy', 5, 3, 3, 60.00, '2026-02-17 15:43:15'),
(56, 8, 4, 'easy', 5, 3, 3, 60.00, '2026-02-17 15:59:19'),
(57, 8, 4, 'easy', 5, 3, 3, 60.00, '2026-02-17 16:00:07'),
(58, 8, 4, 'easy', 5, 3, 3, 60.00, '2026-02-17 16:00:31'),
(59, 8, 4, 'easy', 5, 3, 3, 60.00, '2026-02-17 16:00:55'),
(60, 8, 4, 'easy', 5, 3, 3, 60.00, '2026-02-17 16:07:29'),
(61, 8, 4, 'easy', 5, 3, 3, 60.00, '2026-02-17 16:21:59'),
(62, 8, 4, 'easy', 5, 3, 3, 60.00, '2026-02-17 16:24:22'),
(63, 8, 4, 'easy', 5, 3, 3, 60.00, '2026-02-17 16:45:37'),
(64, 8, 4, 'easy', 5, 3, 3, 60.00, '2026-02-17 16:53:34'),
(65, 8, 4, 'easy', 5, 3, 3, 60.00, '2026-02-17 16:57:47'),
(66, 8, 4, 'easy', 5, 3, 3, 60.00, '2026-02-17 16:58:25'),
(67, 8, 1, 'easy', 5, 1, 1, 20.00, '2026-02-17 16:59:34'),
(68, 8, 1, 'easy', 5, 1, 1, 20.00, '2026-02-17 17:05:39'),
(69, 8, 1, 'easy', 5, 1, 1, 20.00, '2026-02-17 17:17:24'),
(70, 8, 1, 'easy', 5, 1, 1, 20.00, '2026-02-17 17:19:16'),
(71, 8, 1, 'easy', 5, 1, 1, 20.00, '2026-02-17 17:21:51'),
(72, 8, 1, 'easy', 5, 1, 1, 20.00, '2026-02-17 17:25:03'),
(73, 8, 1, 'easy', 5, 1, 1, 20.00, '2026-02-17 17:26:06'),
(74, 2, 1, 'easy', 5, 2, 2, 40.00, '2026-02-17 19:07:55'),
(75, 2, 1, 'easy', 5, 4, 4, 80.00, '2026-02-18 06:13:53'),
(76, 2, 1, 'easy', 4, 4, 4, 100.00, '2026-02-18 09:52:35'),
(77, 2, 4, 'easy', 5, 2, 2, 40.00, '2026-02-18 10:55:43'),
(78, 2, 5, 'easy', 4, 3, 3, 75.00, '2026-02-18 10:57:27'),
(79, 2, 2, 'easy', 5, 3, 3, 60.00, '2026-02-18 11:05:03'),
(80, 2, 1, 'easy', 5, 3, 3, 60.00, '2026-02-18 11:06:16'),
(81, 2, 1, 'easy', 5, 4, 4, 80.00, '2026-02-18 11:15:47'),
(82, 2, 3, 'easy', 5, 0, 0, 0.00, '2026-02-18 11:16:36'),
(83, 2, 3, 'easy', 5, 0, 0, 0.00, '2026-02-18 11:18:57'),
(84, 2, 1, 'easy', 5, 0, 0, 0.00, '2026-02-18 11:20:50'),
(85, 2, 1, 'easy', 5, 4, 4, 80.00, '2026-02-18 11:21:37'),
(86, 2, 1, 'easy', 5, 0, 0, 0.00, '2026-02-19 10:10:39'),
(87, 2, 1, 'easy', 5, 2, 2, 40.00, '2026-02-19 11:25:58'),
(88, 2, 1, 'easy', 5, 4, 4, 80.00, '2026-02-19 12:19:38'),
(89, 2, 1, 'easy', 5, 4, 4, 80.00, '2026-02-26 10:50:51'),
(90, 2, 1, 'easy', 5, 4, 4, 80.00, '2026-03-01 06:51:39'),
(91, 2, 1, 'easy', 5, 4, 4, 80.00, '2026-03-01 06:59:30'),
(92, 2, 1, 'easy', 5, 3, 3, 60.00, '2026-03-06 02:27:48'),
(93, 2, 1, 'easy', 5, 5, 5, 100.00, '2026-03-06 04:47:07');

-- --------------------------------------------------------

--
-- Table structure for table `users`
--

CREATE TABLE `users` (
  `id` int(11) NOT NULL,
  `name` varchar(100) NOT NULL,
  `email` varchar(100) NOT NULL,
  `password` varchar(255) NOT NULL,
  `role` enum('user','admin') DEFAULT 'user',
  `created_at` timestamp NOT NULL DEFAULT current_timestamp(),
  `status` enum('active','blocked') DEFAULT 'active',
  `is_deleted` tinyint(1) DEFAULT 0
) ENGINE=InnoDB DEFAULT CHARSET=utf8mb4 COLLATE=utf8mb4_general_ci;

--
-- Dumping data for table `users`
--

INSERT INTO `users` (`id`, `name`, `email`, `password`, `role`, `created_at`, `status`, `is_deleted`) VALUES
(1, 'mayukt', 'mayuktparmer@gmail.com', '$2y$10$YkDniGCHASuEd0iQfEyo8OWPZHFG6XYGu.G4203CnkFP0vsPLMT1S', 'admin', '2026-01-20 09:02:07', 'active', 0),
(2, 'chanda', 'mayuktsuthar12@gmail.com', '$2y$10$imW.oQbaLLx7ggLYR51WheJXJ9t7C9KnT6k1bHMZmF5p0PbwfFRyS', 'user', '2026-01-20 10:16:04', 'active', 0),
(3, 'harshit', 'bhardwajharshit7728@gmail.com', '$2y$10$L/8X5C9WPbT8jLPKQE3YHezI.NZKi44Y.TyJ1PLj6ot7f.ZcCpJUS', 'user', '2026-02-15 20:50:05', 'active', 0),
(4, 'shubham', 'shubham@gmail.com', '$2y$10$6.VKYirbWewMQBNac4CifOwGgsIgaK/9Dv2PDsS6BvtWNd2A9z5ya', 'user', '2026-02-16 04:36:02', 'active', 0),
(5, 'krish', 'krishraval005@gmail.com', '$2y$10$JTtNadhKK7KyxuQmPzfvAea7qdFJWAfTXNHVFe4wnWaQR3kvn8zyK', 'user', '2026-02-16 04:48:01', 'active', 0),
(6, 'harshit', 'harshit@gmail.com', '$2y$10$2DJ9aPhdlZk25Iz0pSqjW.deRF8n7Uz9pKeaCcOVy3tY6MDkyy1ZW', 'user', '2026-02-16 18:07:56', 'active', 0),
(7, 'kanha', 'kanha@gmail.com', '$2y$10$MVcDrJC0.byt2HqOW7W6xeGYPj8NsHqed3yyQuAoMAuGNRmtDbUVK', 'user', '2026-02-16 18:11:56', 'active', 0),
(8, 'lakshya', 'lakshyasuthar21@gmail.com', '$2y$10$psMCoZSjtjJwiPcY.MO.nOYTzzYeuxI8R5qMur3.5jiJ8txilPJqq', 'user', '2026-02-17 13:12:57', 'active', 0),
(9, 'grishita', 'grishitasuthar12@gmail.com', '$2y$10$gfmOyYQpUALgtrUe8aDameG6Jaj5HJq/0Twb0FiNuDpP7/pI7Q93e', 'user', '2026-02-18 11:57:34', 'active', 0);

--
-- Indexes for dumped tables
--

--
-- Indexes for table `attempt_details`
--
ALTER TABLE `attempt_details`
  ADD PRIMARY KEY (`id`),
  ADD KEY `attempt_id` (`attempt_id`),
  ADD KEY `question_id` (`question_id`),
  ADD KEY `selected_option_id` (`selected_option_id`);

--
-- Indexes for table `categories`
--
ALTER TABLE `categories`
  ADD PRIMARY KEY (`id`);

--
-- Indexes for table `options`
--
ALTER TABLE `options`
  ADD PRIMARY KEY (`id`),
  ADD KEY `question_id` (`question_id`);

--
-- Indexes for table `questions`
--
ALTER TABLE `questions`
  ADD PRIMARY KEY (`id`),
  ADD KEY `category_id` (`category_id`);

--
-- Indexes for table `quiz_attempts`
--
ALTER TABLE `quiz_attempts`
  ADD PRIMARY KEY (`id`),
  ADD KEY `user_id` (`user_id`),
  ADD KEY `category_id` (`category_id`);

--
-- Indexes for table `users`
--
ALTER TABLE `users`
  ADD PRIMARY KEY (`id`),
  ADD UNIQUE KEY `email` (`email`);

--
-- AUTO_INCREMENT for dumped tables
--

--
-- AUTO_INCREMENT for table `attempt_details`
--
ALTER TABLE `attempt_details`
  MODIFY `id` int(11) NOT NULL AUTO_INCREMENT, AUTO_INCREMENT=394;

--
-- AUTO_INCREMENT for table `categories`
--
ALTER TABLE `categories`
  MODIFY `id` int(11) NOT NULL AUTO_INCREMENT, AUTO_INCREMENT=6;

--
-- AUTO_INCREMENT for table `options`
--
ALTER TABLE `options`
  MODIFY `id` int(11) NOT NULL AUTO_INCREMENT, AUTO_INCREMENT=509;

--
-- AUTO_INCREMENT for table `questions`
--
ALTER TABLE `questions`
  MODIFY `id` int(11) NOT NULL AUTO_INCREMENT, AUTO_INCREMENT=129;

--
-- AUTO_INCREMENT for table `quiz_attempts`
--
ALTER TABLE `quiz_attempts`
  MODIFY `id` int(11) NOT NULL AUTO_INCREMENT, AUTO_INCREMENT=94;

--
-- AUTO_INCREMENT for table `users`
--
ALTER TABLE `users`
  MODIFY `id` int(11) NOT NULL AUTO_INCREMENT, AUTO_INCREMENT=10;

--
-- Constraints for dumped tables
--

--
-- Constraints for table `attempt_details`
--
ALTER TABLE `attempt_details`
  ADD CONSTRAINT `attempt_details_ibfk_1` FOREIGN KEY (`attempt_id`) REFERENCES `quiz_attempts` (`id`) ON DELETE CASCADE,
  ADD CONSTRAINT `attempt_details_ibfk_2` FOREIGN KEY (`question_id`) REFERENCES `questions` (`id`),
  ADD CONSTRAINT `attempt_details_ibfk_3` FOREIGN KEY (`selected_option_id`) REFERENCES `options` (`id`);

--
-- Constraints for table `options`
--
ALTER TABLE `options`
  ADD CONSTRAINT `options_ibfk_1` FOREIGN KEY (`question_id`) REFERENCES `questions` (`id`) ON DELETE CASCADE;

--
-- Constraints for table `questions`
--
ALTER TABLE `questions`
  ADD CONSTRAINT `questions_ibfk_1` FOREIGN KEY (`category_id`) REFERENCES `categories` (`id`) ON DELETE CASCADE;

--
-- Constraints for table `quiz_attempts`
--
ALTER TABLE `quiz_attempts`
  ADD CONSTRAINT `quiz_attempts_ibfk_1` FOREIGN KEY (`user_id`) REFERENCES `users` (`id`),
  ADD CONSTRAINT `quiz_attempts_ibfk_2` FOREIGN KEY (`category_id`) REFERENCES `categories` (`id`);
COMMIT;

/*!40101 SET CHARACTER_SET_CLIENT=@OLD_CHARACTER_SET_CLIENT */;
/*!40101 SET CHARACTER_SET_RESULTS=@OLD_CHARACTER_SET_RESULTS */;
/*!40101 SET COLLATION_CONNECTION=@OLD_COLLATION_CONNECTION */;
